{"loss":0.16263437995132846,"_timestamp":1.7496405911827905e+09,"_wandb":{"runtime":3},"_runtime":3.2407775,"_step":7,"acc":0.9114176514898215}